Word 1;Word 2;Human (Mean)
admission;ticket;5.846
alcohol;chemistry;1.154
aluminum;metal;6.286
announcement;effort;2.000
announcement;news;7.077
announcement;production;1.929
announcement;warning;6.462
Arafat;Jackson;2.000
Arafat;peace;0.929
Arafat;terror;1.615
architecture;century;1.071
arrangement;accommodation;5.643
arrival;hotel;1.067
asylum;madhouse;8.154
atmosphere;landscape;2.733
attempt;peace;1.333
baby;mother;2.000
bank;money;3.214
baseball;season;1.667
bed;closet;2.308
benchmark;index;5.067
bird;cock;5.143
bird;crane;5.357
bishop;rabbi;6.154
board;recommendation;1.077
book;library;2.462
book;paper;4.571
boxing;round;2.615
boy;lad;8.000
bread;butter;3.500
brother;monk;5.769
calculation;computation;7.857
canyon;landscape;5.133
car;automobile;9.000
car;flight;0.692
cell;phone;7.143
cemetery;woodland;2.000
century;nation;0.429
century;year;5.154
championship;tournament;7.308
chance;credibility;1.923
change;attitude;2.385
chord;smile;0.615
closet;clothes;2.214
coast;forest;1.800
coast;hill;3.000
coast;shore;8.846
company;stock;2.786
competition;price;1.500
computer;internet;2.714
computer;keyboard;3.857
computer;laboratory;1.846
computer;news;2.143
computer;software;4.143
concert;virtuoso;2.643
consumer;confidence;1.200
consumer;energy;1.786
country;citizen;1.462
crane;implement;1.733
credit;card;3.429
credit;information;1.500
cucumber;potato;4.643
cup;article;0.667
cup;artifact;2.000
cup;coffee;3.769
cup;drink;4.615
cup;entity;1.231
cup;food;2.071
cup;liquid;2.000
cup;object;3.333
cup;substance;1.154
cup;tableware;5.385
currency;market;2.867
day;dawn;3.500
day;summer;1.643
death;inmate;0.769
death;row;0.692
decoration;valor;2.143
delay;news;1.071
delay;racism;0.267
deployment;departure;5.429
deployment;withdrawal;3.200
development;issue;3.643
direction;combination;0.692
disability;death;2.214
disaster;area;1.500
discovery;space;2.538
dividend;calculation;3.071
dividend;payment;6.231
doctor;liability;2.357
doctor;nurse;4.500
doctor;personnel;1.923
dollar;buck;8.846
dollar;loss;1.571
dollar;profit;3.692
dollar;yen;2.538
drink;car;0.308
drink;ear;0.077
drink;eat;4.692
drink;mother;0.267
drink;mouth;2.385
drug;abuse;2.538
energy;crisis;2.000
energy;laboratory;1.500
energy;secretary;0.769
environment;ecology;6.133
equipment;maker;1.462
exhibit;memorabilia;4.769
experience;music;1.923
family;planning;1.533
FBI;fingerprint;1.769
FBI;investigation;3.077
fertility;egg;2.667
fighting;defeating;3.357
five;month;0.308
focus;life;1.154
food;fruit;5.857
food;preparation;3.077
food;rooster;3.154
football;basketball;2.929
football;soccer;8.615
football;tennis;4.769
forest;graveyard;1.000
fuck;sex;7.929
furnace;stove;7.462
game;defeat;2.714
game;round;4.857
game;series;3.571
game;team;3.692
game;victory;2.462
gem;jewel;8.385
gender;equality;1.769
glass;magician;0.538
glass;metal;3.214
government;crisis;1.385
governor;interview;0.571
governor;office;2.385
grocery;money;1.615
Harvard;Yale;5.429
holy;sex;1.200
hospital;infrastructure;2.500
hotel;reservation;2.571
hundred;percent;2.231
image;surface;3.000
impartiality;interest;2.308
investigation;effort;2.533
investor;earning;3.000
jaguar;car;4.933
jaguar;cat;5.143
Japanese;American;4.615
Jerusalem;Israel;5.000
Jerusalem;Palestinian;2.429
journal;association;1.857
journey;car;2.000
journey;voyage;9.000
king;cabbage;0.385
king;queen;2.923
king;rook;3.077
lad;brother;4.846
lad;wizard;1.071
law;lawyer;3.786
lawyer;evidence;2.857
liability;insurance;3.385
life;death;1.600
life;lesson;1.538
life;term;3.231
line;insurance;1.143
liquid;water;7.538
listing;category;6.385
listing;proximity;1.571
lobster;food;5.143
lobster;wine;1.333
love;sex;6.000
lover;quarrel;0.923
luxury;car;1.800
magician;wizard;8.000
man;governor;3.692
man;woman;2.571
Maradona;football;2.857
marathon;sprint;4.133
Mars;scientist;2.533
Mars;water;0.615
media;gain;0.571
media;radio;6.000
media;trading;1.500
Mexico;Brazil;4.308
midday;noon;8.786
mile;kilometer;4.857
minister;party;2.462
ministry;culture;2.286
minority;peace;1.429
money;bank;4.000
money;cash;9.538
money;cash;9.077
money;currency;8.231
money;deposit;4.385
money;dollar;6.286
money;laundering;1.846
money;operation;1.286
money;possession;4.714
money;property;4.231
money;wealth;6.357
money;withdrawal;3.308
monk;oracle;2.500
monk;slave;1.769
month;hotel;1.067
morality;importance;1.231
morality;marriage;1.286
movie;critic;1.500
movie;popcorn;1.786
movie;star;1.867
movie;theater;5.846
murder;manslaughter;7.200
museum;theater;3.846
music;project;2.385
nature;environment;7.714
nature;man;1.923
network;hardware;2.000
news;report;6.143
noon;string;0.615
observation;architecture;1.538
oil;stock;1.692
OPEC;country;1.786
OPEC;oil;2.214
opera;industry;0.400
opera;performance;4.467
peace;atmosphere;1.692
peace;insurance;2.000
peace;plan;1.154
phone;equipment;3.857
physics;chemistry;2.769
physics;proton;3.000
plane;car;2.643
planet;astronomer;2.071
planet;constellation;3.000
planet;galaxy;4.571
planet;moon;4.286
planet;people;1.231
planet;space;3.929
planet;star;5.143
planet;sun;4.538
population;development;1.769
possibility;girl;0.846
practice;institution;2.286
precedent;antecedent;4.786
precedent;cognition;2.267
precedent;collection;1.643
precedent;example;5.308
precedent;group;0.615
precedent;information;2.143
precedent;law;3.923
prejudice;recognition;1.467
preservation;world;1.786
president;medal;1.667
problem;airport;0.929
problem;challenge;6.538
production;crew;3.214
production;hike;0.769
professor;cucumber;0.154
professor;doctor;5.143
profit;loss;2.071
profit;warning;1.615
psychology;anxiety;1.769
psychology;clinic;1.846
psychology;cognition;2.929
psychology;depression;2.857
psychology;discipline;2.733
psychology;doctor;2.929
psychology;fear;1.231
psychology;Freud;3.308
psychology;health;2.692
psychology;mind;4.615
psychology;psychiatry;5.714
psychology;science;4.000
reason;criterion;4.929
reason;hypertension;0.714
record;number;4.077
registration;arrangement;2.071
report;gain;1.462
rock;jazz;5.000
rooster;voyage;0.308
school;center;2.214
seafood;food;5.933
seafood;lobster;7.846
seafood;sea;2.385
secretary;senate;2.231
seven;series;1.923
shore;woodland;1.615
shower;flood;2.786
shower;thunderstorm;4.154
sign;recess;1.231
situation;conclusion;2.929
situation;isolation;1.500
size;prominence;3.857
skin;eye;0.923
smart;student;2.000
smart;stupid;3.214
soap;opera;2.071
space;chemistry;0.462
space;world;3.357
start;match;1.643
start;year;0.933
stock;CD;2.846
stock;egg;2.143
stock;jaguar;0.533
stock;life;1.200
stock;live;1.357
stock;market;4.385
stock;phone;1.429
street;avenue;8.615
street;block;6.000
street;children;0.286
street;place;5.538
stroke;hospital;1.929
student;professor;1.214
sugar;approach;0.214
summer;drought;2.714
summer;nature;2.200
telephone;communication;4.286
television;film;4.000
television;radio;3.214
tennis;racket;3.077
territory;kilometer;1.200
territory;surface;3.333
theater;history;1.857
tiger;animal;6.846
tiger;carnivore;6.154
tiger;cat;6.846
tiger;fauna;3.143
tiger;feline;5.071
tiger;jaguar;4.500
tiger;mammal;5.923
tiger;organism;2.800
tiger;tiger;10.000
tiger;zoo;2.846
tool;implement;4.500
train;car;3.214
travel;activity;2.769
treatment;recovery;5.000
type;kind;6.538
victim;emergency;2.538
video;archive;2.846
viewer;serial;0.786
vodka;brandy;3.500
vodka;gin;5.500
volunteer;motto;1.143
war;troops;3.000
water;seepage;2.769
weapon;secret;1.500
weather;forecast;5.067
Wednesday;news;1.000
wood;forest;7.214
word;similarity;0.923
