cs_word_1,cs_word_2,average
Arafat,Jackson,2.4
Arafat,mír,0.6
Arafat,terorismus,1.3
FBI,otisk prstu,1.3
FBI,vyšetřování,2.9
Harvard,Yale,4.7
Japonec,Američan,4.2
Jeruzalém,Izrael,5.1
Jeruzalém,Palestinec,1.1
Maradona,fotbal,2.0
Mars,voda,0.5
Mars,vědec,0.8
Mexiko,Brazílie,4.4
OPEC,ropa,3.1
OPEC,země,1.0
akcie,trh,3.7
akord,úsměv,0.5
alkohol,chemie,2.5
architektura,století,0.7
atmosféra,krajina,3.5
auto,automobil,9.9
auto,let,1.2
banka,peníze,2.5
basebal,sezóna,1.7
biskup,rabín,5.4
blázinec,cvokárna,9.3
box,kolo,0.8
bratr,mnich,5.2
břeh,zalesnění,1.3
cesta,automobil,1.5
cesta,putování,5.88888888889
cestování,činnost,2.5
chlapec,hoch,9.5
chlapec,čaroděj,3.8
chleba,máslo,3.1
chytrý,hloupý,3.6
chytrý,student,1.1
cukr,přístup,0.0
den,léto,2.9
den,úsvit,4.1
divadlo,historie,1.4
dividenda,platba,6.2
dividenda,výpočet,1.5
divák,seriál,2.0
dobrovolník,moto,0.2
doktor,personál,3.8
doktor,riziko,0.9
doktor,sestra,3.4
dolar,doláč,9.0
dolar,yen,5.1
dolar,zisk,3.7
dolar,ztráta,0.8
droga,zneužívání,1.4
dřevo,les,2.9
energie,krize,1.3
energie,laboratoř,0.444444444444
energie,tajemník,0.1
exponát,memorabilia,3.6
film,divadlo,4.2
film,hvězda,1.6
film,kritik,1.0
film,popkorn,2.1
fotbal,basketbal,4.3
fotbal,kopaná,9.5
fotbal,tenis,4.1
fyzika,chemie,5.1
fyzika,proton,1.9
guvernér,rozhovor,0.4
guvernér,úřad,2.9
hliník,kov,6.1
hoch,bratr,4.4
hotel,rezervace,1.4
hra,kolo,2.6
hra,porážka,2.7
hra,série,2.7
hra,tým,2.6
hra,vítězství,3.4
hrnek,káva,3.3
hrnek,látka,1.2
hrnek,pít,1.2
hrnek,příbory,2.8
hrnek,tekutina,1.9
hudba,projekt,2.2
humr,jídlo,5.2
humr,víno,2.2
hřbitov,zalesnění,0.4
invalidita,smrt,2.6
inventář,CD,1.7
investor,výdělek,1.11111111111
jaguár,auto,4.3
jaguár,kočka,4.8
jeřáb,nářadí,3.2
jídlo,kohout,3.5
jídlo,ovoce,6.2
jídlo,příprava,0.8
kapalina,voda,7.0
kaňon,krajina,4.5
klenot,šperk,8.9
kniha,knihovna,3.4
kniha,papír,3.4
kohout,výprava,0.0
koncert,virtuos,3.3
kouzelník,čaroděj,9.3
kreditní,karta,1.3
krevety,jídlo,4.5
král,kapusta,0.1
král,královna,4.9
král,věž,1.7
kůže,oko,1.9
les,hřbitov,2.6
letadlo,auto,3.1
linka,pojištění,1.1
luxus,auto,2.3
láska,sex,4.2
léto,příroda,1.4
léto,sucho,3.1
léčba,zotavení,6.6
maratón,sprint,4.6
milenec,hádka,1.0
miminko,matka,2.9
ministerstvo,kultura,1.6
ministr,strana,2.2
minorita,mír,0.1
mnich,otrok,1.9
mnich,věštba,0.7
mobil,telefon,9.4
moralita,manželství,1.5
moralita,význam,1.1
mořské plody,humr,6.1
možnost,dívka,0.5
mrtvice,nemocnice,1.3
muzeum,divadlo,4.1
muž,guvernér,5.1
muž,žena,4.3
média,obchodování,1.1
média,rozhlas,4.5
média,výtěžek,0.3
míle,kilometr,6.6
mír,atmosféra,1.7
mír,plán,0.8
mír,pojištění,1.0
mýdlová,opera,0.5
měna,trh,3.0
měsíc,hotel,0.1
měřítko,index,3.7
nasazení,stažení,2.5
nemocnice,infrastruktura,1.7
nestrannost,zájem,2.5
noviny,zpráva,5.3
nářadí,nástroj,7.7
objev,vesmír,1.5
oběť,nebezpečí,1.4
okurka,brambor,4.4
opera,průmysl,0.4
opera,vystoupení,5.4
oznámení,produkce,1.7
oznámení,snaha,1.2
oznámení,varování,6.6
oznámení,zprávy,6.6
pec,kamna,8.2
peníze,banka,2.1
peníze,bohatství,7.9
peníze,dolar,6.2
peníze,hotovost,8.4
peníze,hotovost,7.66666666667
peníze,majetek,6.4
peníze,měna,6.6
peníze,operace,0.4
peníze,praní,0.3
peníze,vklad,4.9
peníze,vlastnictví,4.6
peníze,výběr,1.4
pití,jíst,2.9
pití,ucho,0.2
pití,ústa,1.1
planeta,astronom,1.6
planeta,galaxie,3.9
planeta,hvězda,4.5
planeta,lidé,2.2
planeta,měsíc,4.2
planeta,slunce,3.8
planeta,souhvězdí,3.2
planeta,vesmír,3.4
plodnost,vejce,1.8
pobřeží,břeh,9.2
pobřeží,kopec,2.5
pobřeží,les,1.8
pohlaví,rovnost,0.8
pohroma,oblast,0.8
pojištění,odpovědnosti,1.2
pokus,mír,1.0
poledne,dvanáctá,8.7
poledne,vlákno,0.2
populace,rozvoj,0.9
postel,skříň,2.9
postup,instituce,2.44444444444
potraviny,peníze,2.0
pozorování,architektura,0.6
počasí,předpověď,3.3
počítač,internet,4.2
počítač,klávesnice,3.5
počítač,laboratoř,2.33333333333
počítač,software,4.7
počítač,zprávy,1.7
precedent,antecedent,4.1
precedent,informace,3.6
precedent,příklad,3.7
precedent,skupina,0.2
precedent,soubor,1.5
precedent,vědomí,1.8
precedent,zákon,3.7
prezident,medaile,1.0
problém,letiště,0.6
problém,výzva,5.4
produkce,výlet,0.6
produkce,štáb,5.4
profesor,doktor,3.6
profesor,okurka,0.3
právník,důkazy,1.6
právo,právník,2.8
psychologie,Freud,1.7
psychologie,deprese,1.5
psychologie,disciplína,3.9
psychologie,klinika,2.6
psychologie,lékař,1.7
psychologie,mysl,3.7
psychologie,psychiatrie,5.1
psychologie,strach,1.5
psychologie,věda,4.9
psychologie,vědomí,1.8
psychologie,zdraví,2.2
psychologie,úzkost,1.7
pták,jeřáb,4.7
pták,kohout,5.7
pít,auto,0.0
pít,matka,0.5
pět,měsíc,0.1
předsudek,rozpoznání,1.5
přeháňka,bouře,5.9
přeháňka,záplava,3.2
příjezd,hotel,0.8
příroda,člověk,2.0
příroda,životní prostředí,6.0
registrace,sjednání,2.77777777778
rekord,číslo,2.3
rock,jazz,4.5
rodina,plánování,0.4
ropa,akcie,2.0
rozmístění,odchod,0.4
rozum,hypertenze,1.6
rozum,kritérium,0.9
ryby,moře,2.2
sedm,série,2.1
seznam,blízkost,0.2
seznam,kategorie,5.5
situace,izolace,0.7
situace,závěr,1.9
sklad,jaguár,0.1
sklad,telefon,1.0
sklad,vajíčko,0.8
sklad,život,0.8
sklenice,kouzelník,0.6
sklo,kov,3.2
slovo,podobnost,1.1
smrt,hádka,1.4
smrt,pacient,1.6
směr,kombinace,0.9
soutěž,cena,4.1
společnost,akcie,3.4
sto,procento,1.7
století,národ,0.555555555556
století,rok,3.8
student,profesor,3.55555555556
středa,noviny,0.2
svatý,sex,0.5
síť,hardware,2.3
tajemník,senát,2.4
telefon,komunikace,3.3
telefon,výbava,1.6
televize,film,5.3
televize,rádio,3.7
tenis,raketa,2.1
tygr,fauna,2.2
tygr,jaguár,5.4
tygr,kočka,5.4
tygr,kočkovitý,2.2
tygr,masožravec,5.2
tygr,organismus,2.3
tygr,savec,4.6
tygr,tygr,10.0
tygr,zoo,1.6
tygr,zvíře,5.66666666667
typ,druh,9.1
ulice,avenue,8.5
ulice,blok,6.22222222222
ulice,děti,1.0
ulice,místo,3.7
velikost,význačnost,5.2
vesmír,chemie,1.5
vesmír,svět,4.4
video,archiv,1.2
vlak,auto,4.1
vláda,krize,1.5
voda,průsak,2.2
vodka,brandy,5.11111111111
vodka,gin,4.9
vražda,zabití,8.7
vstupné,lístek,7.9
vybavení,výrobce,1.0
vyšetřování,snaha,2.7
válka,vojáci,2.8
výbor,doporučení,1.2
výpočet,počítání,7.2
vývoj,otázka,1.9
věrohodnost,informace,2.9
zachování,svět,0.3
zaměření,život,0.4
začátek,rok,1.6
začátek,zápas,1.8
zařízení,ubytování,5.0
zbraň,tajný,0.2
země,občan,1.0
zisk,varování,0.4
zisk,ztráta,3.2
zkušenost,hudba,0.9
změna,postoj,1.9
znak,úpadek,0.8
zobrazení,povrch,1.5
zpoždění,rasismus,0.4
zpoždění,zprávy,0.5
zpráva,výnos,2.7
zákazník,energie,1.1
zákazník,sebevědomí,0.7
zápas,porážka,2.7
zásobit,žít,1.5
území,kilometr,2.2
území,povrch,5.1
časopis,sdružení,1.2
řád,udatnost,1.5
šampionát,turnaj,8.6
šance,důvěryhodnost,2.375
šatník,šaty,2.5
škola,centrum,3.5
šoustání,sex,8.9
šálek,artefakt,1.5
šálek,entita,0.8
šálek,jídlo,1.7
šálek,kus,1.4
šálek,věc,1.8
život,doba,2.8
život,lekce,2.3
život,smrt,3.0
životní prostředí,ekologie,6.2
